1	5ml Syringe	piece	50	₦120	₦6,000
2	ACT tab (by 24)	(pack of 24)	30	₦900	₦27,000
3	ACT tab 80/480	tablet/capsule	200	₦1,100	₦220,000
4	Acycor plus tab	tablet/capsule	250	₦700	₦175,000
5	Aldactone 25mg	unit	50	₦1,200	₦60,000
6	Amlodipine 5mg	unit	50	₦700	₦35,000
7	Amlodipine 10mg	unit	50	₦900	₦45,000
8	Amlodipine 10mg (Mecure)	unit	50	₦1,100	₦55,000
9	Amoxicillin cap 500mg	tablet/capsule	100	₦3,800	₦380,000
10	Amoxicillin susp (Mecure)	bottle	36	₦1,800	₦64,800
11	Ampicillin cap	tablet/capsule	200	₦2,500	₦500,000
12	Ampiclox (Astarclox)	unit	50	₦2,600	₦130,000
13	Ampiclox (Beecham)	unit	50	₦4,000	₦200,000
14	Ampiclox (Laclox)	unit	50	₦2,600	₦130,000
15	Ampiclox (Nazaclox)	unit	50	₦2,600	₦130,000
16	Ampiclox (Normal)	unit	50	₦2,200	₦110,000
17	Ampiclox susp (Rico)	bottle	24	₦1,500	₦36,000
18	Artemether inj 80mg	ampoule/vial	50	₦900	₦45,000
19	Artemether tab	tablet/capsule	200	₦900	₦180,000
20	Artesunate inj 60mg	ampoule/vial	100	₦800	₦80,000
21	Artesunate inj 120mg	ampoule/vial	30	₦1,200	₦36,000
22	Augmentin 625mg	unit	50	₦6,500	₦325,000
23	Augmentin susp 228.5mg	bottle	48	₦4,500	₦216,000
24	Azithromycin 500mg	unit	50	₦2,800	₦140,000
25	B-complex inj	ampoule/vial	30	₦500	₦15,000
26	Busta N 60ml syrup	bottle	36	₦900	₦32,400
27	Busta N 100ml	unit	50	₦1,200	₦60,000
28	C.Q inj 30mg	ampoule/vial	100	₦500	₦50,000
29	Camsunate 1-6yrs	unit	50	₦1,800	₦90,000
30	Camsunate Adult	unit	50	₦2,200	₦110,000
31	Cataflam 50mg	unit	50	₦1,800	₦90,000
32	Ceftriaxone inj with water	ampoule/vial	100	₦1,500	₦150,000
33	Ceftriaxone/Sulbactam inj 1.5g	ampoule/vial	30	₦3,500	₦105,000
34	Cefuroxime 500mg	unit	50	₦3,500	₦175,000
35	Chemadol syrup junior	bottle	48	₦1,000	₦48,000
36	Chemiron Vitamin C syrup	bottle	60	₦1,500	₦90,000
37	Chest & Lungs	unit	50	₦1,000	₦50,000
38	Chloramphenicol cap	tablet/capsule	150	₦1,800	₦270,000
39	Chloramphenicol eye & ear	bottle	48	₦900	₦43,200
40	Chymoral tab	tablet/capsule	250	₦5,000	₦1,250,000
41	Cimetidine inj	ampoule/vial	30	₦500	₦15,000
42	Cimetidine tab 200mg	tablet/capsule	150	₦700	₦105,000
43	Cimetidine tab 400mg	tablet/capsule	200	₦900	₦180,000
44	Cipro tab big	tablet/capsule	250	₦1,800	₦450,000
45	Cipro tab short 500mg	tablet/capsule	100	₦1,800	₦180,000
46	Clindamycin cap	tablet/capsule	150	₦3,500	₦525,000
47	Clindamycin inj	ampoule/vial	75	₦1,800	₦135,000
48	Cod liver oil	bottle	60	₦2,500	₦150,000
49	Codolin syrup	bottle	24	₦1,200	₦28,800
50	Codolin syrup child	bottle	36	₦1,200	₦43,200
51	Crystalline inj	ampoule/vial	75	₦700	₦52,500
52	Curefenac 100mg	unit	50	₦1,800	₦90,000
53	Dexa inj	ampoule/vial	30	₦500	₦15,000
54	Dexamethasone tab	tablet/capsule	150	₦700	₦105,000
55	Dextrose Saline	bottle	48	₦1,200	₦57,600
56	Diclofenac inj	ampoule/vial	100	₦500	₦50,000
57	Diclokris	unit	50	₦1,500	₦75,000
58	Diclokris 100mg	unit	50	₦1,800	₦90,000
59	Dolometa B	unit	50	₦1,200	₦60,000
60	Emal inj	ampoule/vial	100	₦700	₦70,000
61	Emtrim tab	tablet/capsule	100	₦1,000	₦100,000
62	Feldin 20mg	unit	50	₦1,000	₦50,000
63	Feldin 200mg (Red)	unit	50	₦1,800	₦90,000
64	Fluconazole 200mg	unit	50	₦1,800	₦90,000
65	FOB Strip	strip	75	₦180	₦13,500
66	Fulcin	unit	50	₦1,500	₦75,000
67	Gentamicin eye & ear	bottle	48	₦900	₦43,200
68	Gentamicin inj	ampoule/vial	100	₦700	₦70,000
69	Glucose	bottle	24	₦700	₦16,800
70	Glucose D sachet	sachet	200	₦150	₦30,000
71	Gold Cycle	unit	50	₦2,500	₦125,000
72	Gynaemed cream	tube	40	₦1,500	₦60,000
73	Hydrocortisone inj	ampoule/vial	30	₦700	₦21,000
74	Ibuprofen (Ibu) 200mg	unit	50	₦1,000	₦50,000
75	Ibuprofen (Ibu) 400mg	unit	50	₦1,400	₦70,000
76	Kachem caplet	tablet/capsule	250	₦1,000	₦250,000
77	Ketoconazole cream	tube	30	₦1,000	₦30,000
78	Ketoconazole tab	tablet/capsule	150	₦1,200	₦180,000
79	Kiss Condom	piece	150	₦150	₦22,500
80	Laclox	unit	50	₦2,500	₦125,000
81	Laclox Tropical T & T	unit	50	₦3,000	₦150,000
82	Lasix tab	tablet/capsule	150	₦700	₦105,000
83	Levofloxacin 500mg	unit	50	₦2,500	₦125,000
84	Lincomycin	unit	50	₦1,800	₦90,000
85	Lofnac 100mg	unit	50	₦1,800	₦90,000
86	Loratadine tab	tablet/capsule	150	₦700	₦105,000
87	Loratadine tab 10mg	tablet/capsule	200	₦700	₦140,000
88	M&B Cipro (by 10)	unit	50	₦1,200	₦60,000
89	M&B Cipro (by 14)	unit	50	₦1,600	₦80,000
90	Maluther DS softgel	unit	50	₦2,500	₦125,000
91	Mebendazole tab	tablet/capsule	200	₦500	₦100,000
92	Mediclox TT	unit	50	₦2,500	₦125,000
93	Mixagrip tab	tablet/capsule	100	₦1,000	₦100,000
94	MMT Asad syrup (small)	bottle	36	₦1,000	₦36,000
95	Mobitin syrup	bottle	48	₦1,000	₦48,000
96	Multivitamin cap	tablet/capsule	250	₦1,500	₦375,000
97	Needle 22g	piece	50	₦100	₦5,000
98	Neutroderm cream	tube	30	₦1,500	₦45,000
99	Octaxin	unit	50	₦1,500	₦75,000
100	Ofloxacin 200mg	unit	50	₦1,800	₦90,000
101	Omeprazole cap	tablet/capsule	100	₦1,000	₦100,000
102	Omeprazole inj 40mg	ampoule/vial	50	₦1,200	₦60,000
103	ORS (by 3)	pack (3 sachets)	20	₦300	₦6,000
104	P-alaxin tab	tablet/capsule	250	₦1,800	₦450,000
105	Panadol	unit	50	₦1,800	₦90,000
106	Paracetamol (PCM) 1000	unit	50	₦2,500	₦125,000
107	Paracetamol (PCM) Emzor	unit	50	₦1,200	₦60,000
108	Paracetamol (PCM) Emzor syrup	bottle	60	₦1,200	₦72,000
109	Paracetamol (PCM) inj	ampoule/vial	30	₦700	₦21,000
110	Paracetamol (PCM) tab	tablet/capsule	150	₦800	₦120,000
111	Paracetamol (PCM) tab (by 96)	(pack of 96)	40	₦900	₦36,000
112	Piroxicam inj	ampoule/vial	100	₦700	₦70,000
113	Piscof syrup	bottle	24	₦1,000	₦24,000
114	Plasil inj	ampoule/vial	50	₦700	₦35,000
115	Prednisolone tab	tablet/capsule	200	₦1,000	₦200,000
116	Procaine Penicillin (China)	unit	50	₦900	₦45,000
117	Procaine Penicillin (Shepherd)	unit	50	₦1,200	₦60,000
118	Real Extra Diclofenac	unit	50	₦1,500	₦75,000
119	Rosuvastatin 20mg	unit	50	₦5,000	₦250,000
120	Septrin	unit	50	₦1,500	₦75,000
121	Sudrex cough and cold	bottle	24	₦1,500	₦36,000
122	Sudrex Extra	unit	50	₦1,600	₦80,000
123	Sudrex original	unit	50	₦1,400	₦70,000
124	Super appetite	unit	50	₦1,500	₦75,000
125	Super appetite cap	tablet/capsule	100	₦1,500	₦150,000
126	Tagamet 400mg	unit	50	₦1,500	₦75,000
127	Vama ORS	sachet	300	₦150	₦45,000
128	Vama ORS (Coloured)	sachet	500	₦150	₦75,000
129	Visita Plus cream	tube	40	₦1,500	₦60,000
130	Vitamin C child syrup	bottle	36	₦1,200	₦43,200
131	Xtapen inj	ampoule/vial	75	₦1,000	₦75,000
